zRot,x,y,z,cut,energy,HV,HJ,HCDR3,KV,KJ,KCDR3,LV,LJ,LCDR3
200.0,2.5,-7.5,16.75,1,-22.6128,8,5,110,,,,15,1,33
200.0,2.5,-7.5,16.75,2,-19.6783000001,8,5,110,,,,15,1,28
200.0,2.5,-7.5,16.75,3,-19.4735000001,8,5,110,,,,15,1,10
200.0,2.5,-7.5,16.75,4,-18.3076,8,5,110,,,,13,1,33
200.0,2.5,-7.5,16.75,5,-17.9637000001,8,5,110,,,,15,1,16
