zRot,x,y,z,cut,energy,HV,HJ,HCDR3,KV,KJ,KCDR3,LV,LJ,LCDR3
20.0,5.0,-5.0,16.75,1,449.842700001,8,5,178,,,,38,5,27
20.0,5.0,-5.0,16.75,2,449.928600002,8,5,178,,,,38,5,33
20.0,5.0,-5.0,16.75,3,449.937300001,8,5,178,,,,38,5,10
20.0,5.0,-5.0,16.75,4,449.979899996,8,5,178,,,,38,5,28
20.0,5.0,-5.0,16.75,5,449.980400005,8,5,178,,,,38,5,5
