zRot,x,y,z,cut,energy,HV,HJ,HCDR3,KV,KJ,KCDR3,LV,LJ,LCDR3
0.0,6.25,-10.0,16.75,1,31.6846999999,8,5,243,44,2,24,,,
0.0,6.25,-10.0,16.75,2,31.6925999999,8,5,243,44,2,143,,,
0.0,6.25,-10.0,16.75,3,31.7364999998,8,5,243,44,2,146,,,
0.0,6.25,-10.0,16.75,4,31.7450000001,8,5,243,44,2,113,,,
0.0,6.25,-10.0,16.75,5,31.7505999996,8,5,243,44,2,153,,,
