zRot,x,y,z,cut,energy,HV,HJ,HCDR3,KV,KJ,KCDR3,LV,LJ,LCDR3
220.0,2.5,-5.0,16.75,1,21.0346000013,8,3,85,,,,10,1,33
220.0,2.5,-5.0,16.75,2,21.1236999992,8,3,204,,,,10,1,33
220.0,2.5,-5.0,16.75,3,21.9218,8,3,85,,,,7,1,33
220.0,2.5,-5.0,16.75,4,22.0109,8,3,204,,,,7,1,33
220.0,2.5,-5.0,16.75,5,24.4186,8,3,85,,,,10,1,10
