zRot,x,y,z,cut,energy,HV,HJ,HCDR3,KV,KJ,KCDR3,LV,LJ,LCDR3
200.0,5.0,-10.0,15.5,1,4010.853,8,3,2,,,,24,1,28
200.0,5.0,-10.0,15.5,2,4011.1045,8,3,2,,,,23,1,28
200.0,5.0,-10.0,15.5,3,4011.25569999,8,3,2,,,,24,1,27
200.0,5.0,-10.0,15.5,4,4011.50719999,8,3,2,,,,23,1,27
200.0,5.0,-10.0,15.5,5,4012.0851,8,3,2,,,,24,1,26
