zRot,x,y,z,cut,energy,HV,HJ,HCDR3,KV,KJ,KCDR3,LV,LJ,LCDR3
60.0,2.5,5.0,15.5,1,14132.838,108,5,55,,,,14,4,37
60.0,2.5,5.0,15.5,2,14134.1165001,108,5,55,,,,14,4,4
60.0,2.5,5.0,15.5,3,14134.3609001,108,5,55,,,,14,4,16
60.0,2.5,5.0,15.5,4,14134.5147,108,5,55,,,,14,4,23
60.0,2.5,5.0,15.5,5,14134.6658,108,5,55,,,,14,4,17
