zRot,x,y,z,cut,energy,HV,HJ,HCDR3,KV,KJ,KCDR3,LV,LJ,LCDR3
220.0,5.0,-5.0,15.5,1,-2.06759999995,8,3,16,14,5,116,,,
220.0,5.0,-5.0,15.5,2,-0.175199999998,8,3,16,13,5,116,,,
220.0,5.0,-5.0,15.5,3,2.79739999998,8,3,16,14,5,6,,,
220.0,5.0,-5.0,15.5,4,4.68979999999,8,3,16,13,5,6,,,
220.0,5.0,-5.0,15.5,5,16.3745,8,3,16,27,5,116,,,
