zRot,x,y,z,cut,energy,HV,HJ,HCDR3,KV,KJ,KCDR3,LV,LJ,LCDR3
260.0,3.75,-3.75,16.75,1,69.2730999994,8,3,12,2,2,76,,,
260.0,3.75,-3.75,16.75,2,69.2731,8,3,12,3,2,76,,,
260.0,3.75,-3.75,16.75,3,71.3316,8,3,55,2,2,76,,,
260.0,3.75,-3.75,16.75,4,71.3315999999,8,3,55,3,2,76,,,
260.0,3.75,-3.75,16.75,5,71.7891999999,8,3,12,2,2,77,,,
