zRot,x,y,z,cut,energy,HV,HJ,HCDR3,KV,KJ,KCDR3,LV,LJ,LCDR3
200.0,10.0,5.0,16.75,1,301.63040032,92,5,410,27,5,4,,,
200.0,10.0,5.0,16.75,2,301.713698331,92,5,55,27,5,4,,,
200.0,10.0,5.0,16.75,3,302.1195,91,5,410,27,5,4,,,
200.0,10.0,5.0,16.75,4,302.2028,91,5,55,27,5,4,,,
200.0,10.0,5.0,16.75,5,302.5677,90,5,410,27,5,4,,,
