zRot,x,y,z,cut,energy,HV,HJ,HCDR3,KV,KJ,KCDR3,LV,LJ,LCDR3
240.0,1.25,-2.5,16.75,1,884.072299995,8,4,124,,,,14,5,35
240.0,1.25,-2.5,16.75,2,884.415899999,8,4,124,,,,14,5,10
240.0,1.25,-2.5,16.75,3,885.740200009,8,4,124,,,,14,5,29
240.0,1.25,-2.5,16.75,4,886.8815,8,4,124,,,,14,5,26
240.0,1.25,-2.5,16.75,5,887.3591,8,4,124,,,,14,5,28
