zRot,x,y,z,cut,energy,HV,HJ,HCDR3,KV,KJ,KCDR3,LV,LJ,LCDR3
300.0,0.0,3.75,11.75,1,4190.0743,108,3,2,16,1,116,,,
300.0,0.0,3.75,11.75,2,4195.3499,108,3,2,34,1,116,,,
300.0,0.0,3.75,11.75,3,4201.33790001,108,3,2,31,1,116,,,
300.0,0.0,3.75,11.75,4,4201.75170001,108,3,2,22,1,116,,,
300.0,0.0,3.75,11.75,5,4201.7934,108,3,2,28,1,116,,,
