zRot,x,y,z,cut,energy,HV,HJ,HCDR3,KV,KJ,KCDR3,LV,LJ,LCDR3
220.0,1.25,-5.0,16.75,1,448.717599999,8,1,124,,,,10,5,33
220.0,1.25,-5.0,16.75,2,450.388099995,8,1,124,,,,7,5,33
220.0,1.25,-5.0,16.75,3,451.7825,8,1,124,,,,10,5,16
220.0,1.25,-5.0,16.75,4,451.8117,8,1,124,,,,10,5,10
220.0,1.25,-5.0,16.75,5,452.199,8,1,124,,,,10,5,32
