zRot,x,y,z,cut,energy,HV,HJ,HCDR3,KV,KJ,KCDR3,LV,LJ,LCDR3
140.0,8.75,-1.25,16.75,1,1228.9412001,48,5,178,,,,14,2,16
140.0,8.75,-1.25,16.75,2,1229.1866001,48,5,178,,,,14,2,15
140.0,8.75,-1.25,16.75,3,1229.83970016,48,5,178,,,,14,2,4
140.0,8.75,-1.25,16.75,4,1230.5313,48,5,178,,,,14,2,33
140.0,8.75,-1.25,16.75,5,1230.9303,48,5,178,,,,14,2,39
