zRot,x,y,z,cut,energy,HV,HJ,HCDR3,KV,KJ,KCDR3,LV,LJ,LCDR3
260.0,3.75,-2.5,16.75,1,-1.66970000001,8,3,55,65,2,16,,,
260.0,3.75,-2.5,16.75,2,0.209299999996,8,3,55,65,2,15,,,
260.0,3.75,-2.5,16.75,3,1.0659,8,3,55,53,2,16,,,
260.0,3.75,-2.5,16.75,4,1.6676,8,3,55,2,2,16,,,
260.0,3.75,-2.5,16.75,5,1.6676,8,3,55,3,2,16,,,
