zRot,x,y,z,cut,energy,HV,HJ,HCDR3,KV,KJ,KCDR3,LV,LJ,LCDR3
240.0,5.0,-6.25,16.75,1,77.2184999986,8,3,87,,,,10,5,28
240.0,5.0,-6.25,16.75,2,77.3426999995,8,3,87,,,,10,5,10
240.0,5.0,-6.25,16.75,3,77.9023999999,8,3,87,,,,10,5,26
240.0,5.0,-6.25,16.75,4,77.9812000008,8,3,87,,,,10,5,35
240.0,5.0,-6.25,16.75,5,78.024399999,8,3,87,,,,10,5,27
